country,1969,1970,1971,1972,1973,1974,1975,1976,1977,1978,1979,1980,1981,1982,1983,1984,1985,1986,1987,1988,1989,1990,1991,1992,1993,1994,1995,1996,1997,1998,1999,2000,2001,2002,2003,2004,2005,2006,2007
Afghanistan,0,0,250k,0,0,0,80k,0,272k,0,30k,0,0,0,0,0,0,0,161k,0,0,141k,4600,0,0,7530,9930,20.8k,330,500,0,0,5630,3890,4520,18.6k,33.3k,30.6k,1180
Angola,0,0,0,0,0,0,0,0,0,0,0,0,0,0,0,0,0,0,0,100k,0,0,0,0,0,0,0,0,0,0,79.1k,40k,8,840,334k,10k,225,46.1k,81.4k
Anguilla,0,0,0,0,0,0,0,0,0,0,0,0,0,0,0,0,0,0,0,0,0,0,0,0,0,0,0,0,0,0,0,0,0,0,0,0,0,0,0
Albania,0,0,0,0,0,0,0,0,0,0,0,0,0,0,0,0,0,0,0,0,0,0,35k,0,0,3500,0,8000,0,0,0,0,66.9k,0,2500,503,0,0,0
Argentina,36,0,0,0,0,0,0,2500,1600,20k,40k,0,50k,6.08M,0,1.21M,204k,12k,4.6M,0,2020,0,88.1k,0,0,2500,0,12.5k,360k,0,37.9k,251k,12k,163k,6310,0,4500,135k,85k
Armenia,0,0,0,0,0,0,0,0,0,0,0,0,0,0,0,0,0,0,0,0,0,0,0,0,0,0,0,7000,144,0,0,0,0,0,1,0,0,0,0
American Samoa,0,0,0,0,0,0,0,0,0,0,0,0,0,0,0,0,0,0,0,0,0,0,0,0,0,0,0,0,0,0,0,0,0,9,0,0,0,0,0
Australia,0,27,0,12k,14,0,10k,0,7,0,0,2,0,0,36,0,8,0,16,9,6010,0,0,20.5k,0,0,13.2k,400,15.2k,0,600,4010,0,471,3620,3000,1100,5010,4210
Austria,0,0,0,0,0,0,0,0,0,0,0,0,0,0,0,12,0,0,0,0,0,5,0,0,0,2,0,3,0,3,0,0,60k,0,0,904,516,0,0
Azerbaijan,0,0,0,0,0,0,0,0,0,0,0,0,0,0,0,0,0,0,0,0,0,0,0,0,0,1.66M,0,75k,0,0,0,0,0,31.5k,0,0,0,0,0
Burundi,0,0,0,0,0,0,0,0,0,0,0,0,0,0,0,0,0,0,0,3610,0,0,0,0,0,0,0,0,0,0,500,0,8000,0,10k,5000,14.8k,25.7k,3280
Belgium,0,600,0,0,0,0,0,0,0,0,0,0,0,0,0,0,0,0,0,0,0,0,0,600,135,0,0,0,141,0,0,0,2400,0,0,210,0,0,0
Benin,0,0,0,0,0,0,0,0,0,0,0,0,580k,0,0,475k,0,0,84k,0,0,3,0,0,34k,123k,149k,51k,420k,57.5k,0,0,0,0,0,0,0,10.9k,158k
Burkina Faso,0,0,0,0,0,0,0,900,0,0,0,0,0,0,1500,572,0,0,33.3k,0,0,0,0,0,66.5k,0,0,0,0,1570,0,0,0,12.1k,0,0,25.6k,121k,4880
Bangladesh,10M,0,50,427,38M,0,4M,214k,400k,0,10M,0,308k,7.16M,30M,500k,400k,29.7M,45M,200k,2.01M,2.99M,75.2k,15.8M,395k,14.7M,5.83M,900k,15M,496k,2.68M,700k,1.5M,550k,36.9M,1.15M,212k,13.8M,618k
Bulgaria,0,0,0,0,0,0,0,0,0,0,0,0,0,0,0,0,0,0,0,0,0,0,0,0,0,0,0,200,0,0,0,0,1,0,0,12.2k,0,1080,0
Bahamas,0,0,0,0,0,0,0,0,0,0,0,0,0,0,0,0,0,0,0,0,0,0,0,0,0,0,0,0,0,0,0,0,0,0,0,0,0,0,0
Bosnia and Herzegovina,0,0,0,0,0,0,0,0,0,0,0,0,0,0,0,0,0,0,0,0,0,0,0,0,0,0,0,0,0,0,0,9000,0,0,278k,3100,0,0,0
Belarus,0,0,0,0,0,0,0,0,0,0,0,0,0,0,0,0,0,0,0,0,0,0,0,40k,0,0,0,0,0,2000,0,0,0,0,0,0,0,0,0
Belize,0,0,0,0,0,0,0,0,0,17k,0,0,0,0,0,0,0,0,0,0,0,0,0,0,0,2600,0,0,0,0,0,0,0,0,0,0,0,0,38k
Bolivia,0,0,0,0,18k,0,0,90k,178k,0,15k,0,30k,50.3k,3000,475,310k,20k,0,0,0,0,40k,0,0,0,0,190k,0,1600,7040,357k,5220,57.6k,0,0,127k,825k,0
Brazil,105k,13.2k,0,20,325k,828k,0,131k,1030,1.5M,271k,52.4k,0,3.34M,392k,612k,8360,10.6k,3.07M,1.03M,2820,17k,148k,0,0,33.9k,7020,62.3k,47.5k,7,87k,11.1k,3520,206k,5290,41k,116k,206k,1.79M
Barbados,213,0,0,0,0,0,0,0,0,0,0,0,0,0,100,0,0,0,0,0,0,0,0,0,0,0,0,0,0,0,0,0,0,0,0,0,0,0,0
Bhutan,0,0,0,0,0,0,0,0,0,0,0,0,0,0,0,0,0,0,0,0,0,0,0,0,622,0,0,0,0,0,1200,0,0,0,0,0,0,0,0
Botswana,0,0,1000,0,0,0,0,0,0,0,0,0,0,0,0,0,0,0,12k,0,0,0,0,0,0,5520,0,0,0,0,139k,0,0,0,4960,0,0,0,0
Central African Republic,0,0,0,13k,0,0,0,0,0,0,0,0,0,0,0,0,0,0,0,0,0,0,0,0,0,3910,17.5k,0,9200,45.9k,0,0,0,240,12.7k,23.8k,0,7810,795
Canada,0,0,0,0,0,0,0,0,0,0,0,0,0,0,0,0,4500,1,2,0,8,0,0,200,0,5600,12k,29k,3100,0,0,0,0,2470,1000,5600,3900,500,2400
Switzerland,0,0,0,0,0,0,0,0,0,0,0,0,0,0,0,0,0,0,0,0,0,0,0,0,0,0,0,0,0,3,0,0,0,0,0,2510,3000,102,0
Czechoslovakia,0,0,0,0,0,0,0,0,0,0,0,0,0,0,0,0,0,0,0,0,0,0,0,0,0,0,0,0,0,0,0,0,0,0,0,0,0,0,0
Chile,0,0,0,0,40k,0,0,0,6000,0,0,0,8000,0,0,0,54.1k,198k,0,21,2500,0,0,3390,0,28,0,76.8k,0,0,182k,12.6k,231k,0,9000,1350,95.9k,0,145k
China,0,0,0,0,0,0,0,0,0,0,113k,3.19M,817k,100,28k,19.2k,9.8M,941k,25.6M,100M,42.3M,210M,685k,8630,112M,127M,155M,7.69M,243M,107M,763k,2.35M,113M,156M,42.7M,34.8M,15M,111M,7.19M
Cote d'Ivoire,0,0,0,0,0,0,0,0,0,0,0,0,0,0,0,0,0,0,0,7000,0,0,0,0,0,0,28,0,0,0,0,0,0,0,0,0,0,2000,456
Cameroon,0,0,0,0,0,0,0,0,0,0,0,0,0,0,0,0,0,0,1000,0,0,202,0,0,6,0,0,0,0,1020,503,1530,0,0,0,2,0,10.3k,25k
"Congo, Dem. Rep.",0,0,0,0,0,0,0,0,0,0,0,0,0,0,0,0,0,0,0,0,27.5k,0,0,0,89,0,0,35.5k,0,78k,0,13.1k,2580,1480,0,0,13k,1630,517
"Congo, Rep.",0,0,0,0,0,0,0,0,0,0,0,0,0,0,0,0,0,0,0,0,0,0,0,0,16.5k,0,0,0,20k,42k,0,0,53k,0,0,2000,5010,25k,0
Colombia,5.11M,51,0,5180,0,0,47,0,0,102k,90,150,90,0,0,0,250k,871,131k,16,20.6k,0,0,80.3k,18k,86.1k,180k,15k,0,151k,79.1k,6000,125k,74.1k,532k,602k,222k,1.61M,1.25M
Costa Rica,15.3k,0,0,0,0,0,0,0,0,0,1350,0,0,0,0,0,0,0,12.5k,0,0,185k,0,38.5k,2560,0,20k,0,0,10k,0,1440,95k,2500,3060,3000,0,24.5k,155k
Cuba,0,0,0,0,0,0,0,18k,0,0,0,0,0,165k,0,3000,7500,0,90k,0,11k,0,9130,572k,38.6k,33.2k,10.9k,35k,0,0,677,0,35k,600,0,0,1500,18k,20k
Czech Republic,0,0,0,0,0,0,0,0,0,0,0,0,0,0,0,0,0,0,0,0,0,0,0,0,0,0,61,102k,6,0,0,0,200k,0,0,1,4320,0,0
Germany,0,0,0,0,0,0,0,0,0,0,0,0,0,0,0,0,0,0,0,0,0,0,0,100k,2,0,0,5200,0,100k,0,0,330k,0,0,451,1000,1,0
West Germany,0,0,0,0,0,0,0,0,2,0,0,0,0,12,0,0,0,0,3510,0,0,5,0,0,0,0,0,0,0,0,0,0,0,0,0,0,0,0,0
Djibouti,0,0,0,0,0,0,0,91k,106k,0,0,102k,0,0,0,0,0,0,0,150k,0,0,0,20k,120k,0,0,0,0,0,0,0,0,0,100k,0,0,0,0
Dominican Republic,0,0,0,0,0,0,0,0,0,1030,0,150k,0,0,0,907,0,0,1.19M,0,0,10,0,20k,0,0,1000,0,0,0,0,0,1750,65.5k,10.7k,1450,0,19.8k,0
Algeria,0,0,0,146k,20k,0,0,0,0,30k,0,93,8550,0,1520,15k,0,0,0,0,0,0,2280,38,31.2k,0,105,3000,0,714,249,46.3k,2350,91,27.6k,1830,60k,1390,59.1k
Ecuador,151k,2400,0,30k,0,0,0,0,0,0,0,0,700k,200k,0,0,0,10k,0,30k,0,0,205k,0,0,0,0,49.3k,0,0,66,9590,54.7k,7910,0,0,57.7k,0,289k
Egypt,0,0,0,0,0,15,0,0,0,66k,0,0,0,0,0,0,0,0,0,0,0,209,0,0,161k,3010,272,4,0,0,0,0,888,0,0,0,0,0,0
Eritrea,0,0,0,0,0,0,0,0,0,0,0,0,0,0,0,0,0,0,0,0,0,0,0,0,0,0,0,0,0,0,0,0,0,0,7010,0,0,0,0
Spain,0,0,0,500,0,0,0,0,2,70,0,0,227k,508k,0,0,0,2010,0,12,0,0,0,0,10,0,4000,405,0,0,1020,0,56,0,600,0,0,4440,0
Ethiopia,0,0,0,0,0,0,70k,16k,1010,0,0,20k,0,0,0,28k,0,0,47.3k,0,350k,0,0,34.8k,43k,93.9k,115k,65.3k,0,147k,30.1k,39.5k,4020,110k,0,243k,435k,245k,117k
Finland,0,0,0,0,0,0,0,0,0,0,0,0,0,0,0,0,0,0,0,0,0,0,0,0,0,0,0,0,0,0,0,0,0,0,0,400,0,0,0
Fiji,0,0,0,0,0,0,0,0,0,0,0,0,0,0,0,0,215k,0,0,10,0,0,0,0,0,0,0,0,0,0,4,0,0,0,600,0,228,906,0
France,0,0,0,0,0,0,0,25k,1000,0,319,0,0,3730,0,0,0,23,310,0,0,0,3,4,423,0,1380,0,0,4140,2320,16.9k,3500,27k,0,4000,0,0,0
"Micronesia, Fed. Sts.",0,0,0,0,0,0,0,0,0,0,0,0,0,0,0,0,0,0,0,0,0,0,0,0,0,0,0,0,0,0,0,0,0,0,0,0,0,0,0
Gabon,0,0,0,0,0,0,0,0,0,0,0,0,0,0,0,0,0,0,10k,0,0,0,0,0,0,0,0,0,0,0,0,0,0,0,0,0,0,0,0
United Kingdom,0,0,0,0,0,0,0,6,0,0,0,0,0,0,0,0,0,0,0,0,0,0,0,604,707,0,0,1,305,330,1440,240,751,0,1010,0,0,370k,3310
Georgia,0,0,0,0,0,0,0,0,0,0,0,0,0,0,0,0,0,0,0,0,0,0,0,0,0,301,0,507,0,0,0,0,0,0,91,2500,600,0,0
Ghana,0,0,0,0,0,0,0,0,0,0,0,0,0,0,0,0,0,0,0,2810,0,2M,0,0,0,700k,0,0,0,325k,0,144k,2200,0,0,0,0,333k,58k
Guinea,0,0,0,0,0,0,0,0,0,0,0,5000,0,0,0,0,0,0,0,0,0,0,0,6070,0,0,0,0,0,0,0,220k,0,0,0,0,1200,20.7k,4200
Guadeloupe,0,0,0,0,0,0,0,0,0,0,0,0,0,0,0,0,0,0,0,0,0,0,0,0,0,0,0,0,0,0,0,0,0,0,0,0,0,0,0
Gambia,0,0,0,0,0,0,0,0,0,0,0,0,0,0,0,0,0,0,0,0,0,0,0,0,0,0,4000,0,0,32k,0,251,0,0,0,0,0,300,400
Guinea-Bissau,0,0,0,0,0,0,0,0,0,0,0,0,0,0,0,0,0,0,0,0,0,0,0,0,0,0,0,0,0,0,0,0,0,0,1000,0,0,0,750
Greece,0,0,0,0,0,0,0,1630,0,15,0,0,0,0,0,0,0,0,0,0,0,0,0,0,1010,0,0,9,903,0,6600,1060,390,450,0,0,3090,602,0
Grenada,0,0,0,0,0,0,0,0,0,0,0,0,0,0,0,0,0,0,0,0,0,0,0,0,0,0,0,0,0,0,0,0,0,0,0,0,0,0,0
Guatemala,0,0,0,1010,0,0,0,0,0,0,0,0,20.9k,0,0,0,0,6600,6000,10,0,0,0,0,610,7470,0,0,0,6040,3020,0,98.7k,0,0,0,0,2110,180k
French Guiana,0,0,0,0,0,0,0,0,0,0,0,0,0,0,0,0,0,0,0,0,0,0,0,0,0,0,70k,0,0,0,0,0,0,0,0,0,0,0,0
Guyana,0,21k,0,0,0,0,0,0,0,0,0,0,0,0,0,0,0,0,0,0,0,0,0,0,0,0,38k,0,0,0,0,0,0,0,0,275k,35k,0,100k
"Hong Kong, China",1440,0,22.3k,0,0,3260,200,97,300,0,0,0,185,613,0,366,0,1000,0,1860,0,0,1630,0,4020,0,0,80,0,0,0,0,0,0,0,0,0,0,0
Honduras,0,0,0,0,0,0,15k,0,0,40k,0,0,0,0,0,0,30k,0,16.1k,0,48k,0,0,82.9k,15.7k,25k,75k,0,0,503k,0,0,980,3120,0,808,1500,15.5k,313k
Croatia,0,0,0,0,0,0,0,0,0,0,0,0,0,0,0,0,0,0,0,0,0,0,0,0,0,0,0,0,0,0,600,1200,0,0,0,250,0,0,0
Haiti,0,0,40.1k,0,0,0,0,0,0,0,0,0,0,0,0,0,144k,8940,3930,24.9k,0,0,0,5010,0,0,58,0,0,63,1220,5110,38.4k,163k,34k,14.1k,24.7k,105k,0
Hungary,300,0,0,0,0,0,0,0,0,0,0,0,0,0,0,0,0,0,0,0,0,0,0,0,0,0,200,0,0,134k,2000,10k,1430,0,393,0,32k,0,0
Indonesia,82,0,0,0,0,0,20.2k,290k,282k,35k,3100,353k,39k,418k,360k,4340,127k,29.1k,100k,61.5k,21.2k,240k,266k,268k,329k,260k,825k,0,100k,16k,489k,86.1k,592k,439k,13k,20.9k,700k,571k,461k
India,10.3M,166k,0,0,260,34M,0,1.05M,32M,28M,32M,16M,33.5M,251k,19M,11.3M,395k,18.3M,22.3M,3610,2220,8.7M,3.07M,128M,12.1M,32.7M,7.27M,30.3M,29.6M,27.6M,50.4M,20.6M,42M,7.57M,33.2M,28.3M,7.24M,38.1M,12.4M
Ireland,0,0,0,0,0,0,0,0,0,0,0,0,0,0,0,0,0,0,0,0,0,0,0,3500,0,0,0,0,0,0,0,0,300,0,0,0,0,0,0
Iran,0,0,0,0,0,0,0,0,0,0,950k,158,0,0,0,0,40.3k,865,150k,150k,0,215k,35.1k,500k,95k,6290,4050,1410,56.8k,25.5k,410,1.21M,205k,1370,4090,4860,2810,12,1500
Iraq,0,0,0,0,0,0,0,0,0,0,0,0,0,0,0,0,0,0,0,0,0,0,0,0,0,0,0,0,0,0,0,0,0,0,8000,0,59.9k,0,604
Iceland,0,0,0,0,0,0,0,0,0,0,0,0,0,0,0,0,0,0,280,0,0,0,0,0,0,0,0,0,0,0,0,0,0,0,0,0,0,0,0
Israel,0,0,0,0,0,0,0,0,0,0,0,0,0,0,0,0,0,0,0,0,0,0,0,0,0,0,0,15,1000,0,0,0,0,0,0,0,0,0,0
Italy,1.3M,0,0,0,0,0,0,1020,0,0,0,0,0,0,0,0,2,0,0,0,0,0,1000,0,17.4k,0,517,0,0,0,46.1k,2,10k,1350,202,0,0,0,309
Jamaica,0,0,0,0,0,0,0,0,0,250k,0,0,0,0,0,0,40k,26k,0,0,0,551k,0,4380,0,0,0,0,0,0,0,0,25k,0,0,0,5000,0,0
Jordan,0,0,0,0,0,0,0,0,0,0,0,0,0,0,0,0,0,38,0,0,0,18k,0,0,0,0,0,2,0,0,0,0,0,0,0,0,0,0,0
Japan,0,0,458,0,0,0,0,5,15k,28.1k,20,0,27.7k,0,0,0,162k,0,27,10,615,0,0,4800,0,12k,0,0,24.1k,24.2k,360k,139,0,837,28.1k,900,10.6k,10k,50k
Kazakhstan,0,0,0,0,0,0,0,0,0,0,0,0,0,0,0,0,0,0,0,0,0,0,0,30k,0,0,0,0,0,0,2500,3670,0,0,0,25k,0,0,13k
Kenya,0,0,0,0,0,16k,0,20.1k,0,0,0,0,3080,0,0,0,0,0,0,0,44,0,0,0,0,0,1000,900k,240,0,0,4,175k,60.3k,12.1k,36.2k,784k,42.7k,62.5k
Kyrgyz Republic,0,0,0,0,0,0,0,0,0,0,0,0,0,0,0,0,0,0,0,0,0,0,0,0,0,0,0,0,7730,0,0,0,0,0,0,2050,0,845,0
Cambodia,0,0,0,0,0,0,0,0,0,0,0,0,0,0,0,0,0,0,0,0,0,900k,0,0,29.5k,0,1.3M,0,0,660k,3.45M,1.67M,1.47M,0,0,16,38k,19k,0
Kiribati,0,0,0,0,0,0,0,0,0,0,0,0,0,0,0,0,0,0,0,0,0,0,0,0,0,0,0,0,0,0,0,0,0,0,0,0,0,0,85
St. Kitts and Nevis,0,0,0,0,0,0,0,0,0,0,0,0,0,0,0,0,0,0,0,0,0,0,0,0,0,0,0,0,0,0,0,0,0,0,0,0,0,0,0
South Korea,7030,0,1.13M,0,0,0,0,76.3k,2030,0,0,0,0,0,351k,0,0,154k,0,0,189k,1590,283,0,0,0,60.5k,130,121k,30.3k,3110,310k,4030,0,4700,14.5k,4680,1000,23
Kuwait,0,0,0,0,0,0,0,0,0,0,0,0,0,0,0,0,0,0,0,0,0,0,0,0,0,0,0,202,0,0,0,0,0,0,0,0,0,0,0
Lao,0,115k,0,0,0,0,0,0,459k,0,0,0,0,0,2010,0,0,0,0,0,0,332k,160,0,190k,591k,420k,0,0,0,450k,453k,150k,0,0,0,0,0,204k
Lebanon,0,0,0,0,0,0,0,0,0,0,0,0,0,0,0,0,0,1500,0,0,0,0,0,0,0,0,0,0,0,0,0,0,0,17k,0,0,0,0,0
Liberia,0,0,0,0,0,0,0,0,0,0,0,0,0,0,0,0,0,0,0,0,0,0,0,0,0,0,0,0,5010,0,0,0,0,0,0,0,0,17k,340
Libya,0,0,0,0,0,0,0,0,0,0,0,0,0,0,0,0,0,0,0,0,0,0,0,0,0,0,0,0,0,0,0,0,0,0,0,0,0,0,0
Sri Lanka,0,0,0,0,0,0,0,0,2010,0,0,20k,130k,1.25M,575k,0,64.5k,0,0,501k,440k,297k,656k,330k,728k,120k,10k,5010,365k,375k,400k,160,500k,695k,200k,145k,333k,406k,738k
Lesotho,0,0,0,0,0,0,0,0,0,0,0,0,0,0,0,80k,0,100k,0,0,22,0,0,0,0,0,0,0,0,0,0,0,0,0,0,0,0,0,0
Lithuania,0,0,0,0,0,0,0,0,0,0,0,0,0,0,0,0,0,0,0,0,0,0,0,0,0,0,0,0,0,0,0,0,0,0,0,0,0,0,0
Luxembourg,0,0,0,0,0,0,0,0,0,0,0,0,0,0,0,0,0,0,0,0,0,0,0,0,0,0,0,0,0,0,0,0,0,0,0,0,0,0,0
Morocco,267k,0,0,0,0,12k,0,38k,0,6310,0,0,0,0,0,0,0,0,0,0,0,0,0,0,0,38.8k,60k,60,0,0,956,315,15.1k,10k,0,0,2120,0,20k
Moldova,0,0,0,0,0,0,0,0,0,0,0,0,0,0,0,0,0,0,0,0,0,0,0,0,25.1k,0,0,2250,0,1710,0,0,501,0,0,6500,0,0,4000
Madagascar,0,0,0,0,0,0,0,0,0,0,0,0,0,0,0,0,28.2k,0,0,0,0,0,0,0,0,0,0,0,20k,0,0,0,0,23.4k,0,59.6k,0,33k,0
Maldives,0,0,0,0,0,0,0,0,0,0,0,0,0,0,0,0,0,300,0,0,0,0,0,0,0,0,0,0,0,0,0,0,0,0,0,0,0,1650,0
Mexico,35,0,100k,150k,0,0,0,0,7010,60k,100k,0,5230,0,20k,0,20,228,0,40,17.9k,44k,0,261k,0,0,9000,0,30.4k,619k,2140,21,7040,53.9k,4130,14k,0,1.66M,20k
Marshall Islands,0,0,0,0,0,0,0,0,0,0,0,0,0,0,0,0,0,0,0,0,0,0,0,0,0,0,0,0,0,0,0,0,0,0,0,0,0,0,600
North Macedonia,0,0,0,0,0,0,0,0,0,0,0,0,0,0,0,0,0,0,0,0,0,0,0,0,0,1500,0,0,0,0,0,0,1650,4750,100k,2000,1500,0,0
Mali,0,0,0,0,0,0,0,0,0,0,0,0,0,0,0,0,0,0,10k,14.6k,0,0,0,0,0,0,0,0,6440,2200,15,3500,22.5k,10k,0,1860,1000,88.9k,2500
Myanmar,90,0,0,0,1.4M,0,200k,3000,0,10k,0,0,0,0,0,0,0,0,0,0,0,360k,4630,0,0,32k,0,138k,0,50k,0,3800,50k,0,0,0,10k,167k,0
Montenegro,0,0,0,0,0,0,0,0,0,0,0,0,0,0,0,0,0,0,0,0,0,0,0,0,0,0,0,0,0,0,0,0,0,0,0,0,0,1090,0
Mongolia,0,0,0,0,0,0,0,0,0,0,0,0,0,0,0,0,0,0,0,0,0,0,0,0,5,0,41,0,0,0,0,4000,0,1670,0,0,0,0,0
Mozambique,0,501k,0,0,0,75k,0,440k,200k,0,0,500k,0,0,0,500k,0,0,0,2,0,0,0,0,0,0,0,400k,0,70k,4.5M,749k,500,515k,0,47.9k,0,402k,0
Mauritania,0,0,0,0,0,0,0,0,0,0,0,0,0,0,3000,6900,0,0,0,0,0,0,0,0,0,600,0,0,0,23.8k,0,3000,27.5k,21k,0,7500,10.6k,54.1k,0
Malawi,0,0,0,0,0,0,0,0,0,20k,0,0,6000,0,0,0,0,0,0,100k,0,151k,0,0,0,1300,0,400k,15k,2000,20k,509k,396k,19.5k,0,44.5k,16k,202k,0
Malaysia,243k,0,0,0,0,0,0,0,3000,0,0,0,0,15k,0,0,25k,2580,60k,0,0,0,0,25k,0,0,418,0,2500,2000,8010,33.2k,0,18.8k,31.1k,30.6k,107k,167k,2000
Namibia,0,0,0,0,0,0,0,0,0,0,0,0,0,0,0,0,0,0,0,0,0,0,0,0,0,0,0,0,0,0,5000,0,0,12k,25k,0,2310,15k,30k
Niger,0,0,0,0,16k,0,0,0,0,0,0,0,0,0,0,0,0,0,80k,0,0,0,0,0,62k,0,0,0,20k,24.4k,4160,20k,0,30k,0,0,46.5k,57.3k,33k
Nigeria,0,0,0,0,0,0,0,0,0,0,0,0,0,0,0,6000,0,0,300k,0,0,0,0,0,580k,0,0,0,107k,117k,5500,90.1k,200,210k,30k,4060,13k,55.1k,0
Nicaragua,0,0,0,0,0,0,8020,0,0,30k,40k,0,0,0,0,0,0,0,0,0,106k,0,0,0,0,0,0,0,0,107k,5500,0,13.6k,0,0,0,0,24k,14.2k
Netherlands,0,0,0,0,0,0,0,0,0,0,0,0,0,0,0,0,0,0,0,0,0,0,0,13k,0,0,0,0,2000,0,0,0,0,0,0,0,0,0,0
Norway,0,0,0,0,0,0,0,0,0,0,0,0,0,0,0,0,0,0,0,0,0,0,0,0,0,4000,0,0,0,0,600,1500,0,0,0,0,0,0,0
Nepal,20.4k,0,0,0,0,0,0,0,27.9k,0,0,10.8k,92,200k,200,62.6k,22,351k,27,0,2530,533,0,554k,0,13.1k,153k,0,70.3k,18.2k,50.2k,0,0,59.5k,800k,31.6k,0,641k,250k
New Zealand,0,0,0,0,0,0,129,120,2730,0,2900,2250,0,140,6810,274,1830,700,1960,154,0,248,0,0,157,0,0,200,200,350,0,0,300,0,5350,400,1200,0,0
Pakistan,0,0,0,4.8M,0,0,5.57M,1.02M,2.25M,3210,86.3k,82,10.1k,64.3k,2040,0,0,0,1M,142k,0,24,12.8M,261k,840k,1.26M,1.3M,852k,201k,1080,0,400k,4050,1.27M,5,7.53M,8530,3230,291k
Panama,44.4k,0,300,4010,0,0,0,0,2020,0,0,0,0,0,1000,0,6000,0,0,0,0,20.1k,0,0,0,501,0,0,0,896,1000,775,26.5k,1000,22.8k,7000,6440,131,23.9k
Peru,136k,330k,0,0,0,0,0,961,22k,0,36.1k,5070,55.3k,0,0,0,200k,28.7k,38,538,2660,0,30k,219k,101k,0,0,0,0,491k,72,66.3k,10.9k,65.5k,7500,0,15.3k,47.7k,495k
Philippines,0,0,2.77M,5000,1.2M,99,15.9k,7320,2550,16k,26k,308k,201k,1850,0,5510,618,0,0,308k,713k,893,1.05M,348k,812k,130k,96k,105k,0,2.1M,166k,91.3k,156k,3500,21.7k,193k,733k,86.8k,1.6M
Papua New Guinea,0,0,0,0,0,0,0,0,0,0,0,0,0,13.1k,0,0,0,0,0,0,0,0,90k,54k,0,0,0,0,0,38k,0,0,0,0,10k,2490,12.4k,0,75.3k
Poland,0,0,0,0,0,0,0,1000,0,0,4500,0,16.8k,0,0,0,0,0,0,0,0,0,0,0,0,0,0,225k,1210,0,0,15k,0,0,600,3600,500,0,0
Puerto Rico,60,0,0,0,0,0,0,0,0,0,0,0,0,0,0,500,0,0,0,0,0,0,618,0,0,0,0,0,0,0,0,9480,0,2410,0,0,0,0,0
North Korea,0,0,0,0,0,0,0,0,0,0,0,0,0,0,0,0,0,20.4k,0,0,0,0,0,0,0,6.2M,3.27M,29k,10.2k,42.2k,0,188k,58.4k,0,200k,16.5k,92.1k,1.17M,0
Portugal,0,0,0,0,0,0,0,0,0,45.2k,0,930,0,2020,0,0,0,0,0,0,0,0,0,0,0,0,3060,0,0,0,0,206,61,36,0,0,240,0,112
Paraguay,0,27k,0,0,0,0,0,0,0,190k,0,0,85k,100k,0,0,0,0,45k,0,15k,0,65.6k,0,0,275k,0,75k,55,0,0,0,2770,0,0,0,0,0,0
Palestine,0,0,0,0,0,0,0,0,0,0,0,0,0,0,0,0,0,0,0,0,0,0,0,0,0,0,0,0,0,0,0,0,0,0,0,0,0,0,0
Romania,239k,0,0,0,0,1M,0,0,0,0,0,0,0,0,2000,0,0,0,0,0,0,15.1k,0,0,2,5000,0,122k,12k,9070,63.4k,14.8k,8710,603,28.1k,58.1k,24.6k,4270,10.5k
Russia,0,0,0,0,0,0,0,0,0,0,0,0,0,0,0,0,0,0,0,0,0,0,0,14.9k,798k,0,234k,502,190k,1200,76.5k,375k,385k,600,6540,9070,7720,14k,0
Rwanda,0,0,0,0,1.9M,0,0,0,0,0,0,0,0,0,0,0,0,0,21.7k,0,0,0,0,0,0,0,0,0,0,0,0,3010,20.1k,7020,0,0,0,4530,11.3k
Saudi Arabia,0,0,0,0,0,0,0,0,0,0,0,0,0,0,0,5030,0,0,0,0,0,0,0,0,0,0,0,0,0,0,0,0,19,13.1k,435,130,0,0,0
Serbia and Montenegro,0,0,0,0,0,0,0,0,0,0,0,0,0,0,0,0,0,0,0,0,0,0,6000,0,0,0,0,0,0,71k,6000,0,2400,0,0,3790,36.2k,0,0
Sudan,0,0,0,0,0,145k,0,0,100k,0,0,0,0,132k,0,0,0,0,2.5M,0,0,0,0,2020,5970,0,121k,100k,1M,281k,0,97k,100k,325k,0,161k,167k,566k,92.8k
Senegal,0,0,0,0,0,0,0,0,0,0,0,0,0,5000,0,3000,0,0,10k,0,0,0,0,5000,17.5k,0,0,0,300k,0,0,0,179k,7780,0,50k,0,5310,9980
Solomon Islands,0,0,0,0,0,0,0,0,0,0,0,0,0,0,0,0,0,0,0,0,0,0,0,0,0,0,0,0,0,0,0,0,0,0,0,0,0,0,0
Sierra Leone,0,0,0,0,0,0,0,0,0,0,0,0,0,0,0,0,0,0,0,0,0,0,0,0,0,0,200k,0,0,0,0,0,0,0,10,15k,0,4500,0
El Salvador,0,0,0,0,0,0,0,0,0,0,0,0,68.5k,0,0,0,0,0,39.1k,10,0,0,8000,0,0,1510,0,0,0,5460,402,1000,101,0,0,2380,0,502,3030
Somalia,0,0,0,0,0,0,0,40k,0,0,0,30k,0,0,0,0,0,30k,0,50k,0,0,0,0,100,8520,103,1.23M,0,0,374k,6500,0,301,1500,7530,487k,10k,52k
Serbia,0,0,0,0,0,0,0,0,0,0,0,0,0,0,0,0,0,0,0,0,0,0,0,0,0,0,0,0,0,0,0,0,0,0,0,0,0,12.4k,0
Suriname,0,0,0,0,0,0,0,0,0,0,0,0,0,0,0,0,0,0,0,0,0,0,0,0,0,0,0,0,0,0,0,0,0,0,0,0,25k,0,6550
Slovak Republic,0,0,0,0,0,0,0,0,0,0,0,0,0,0,0,0,0,0,0,0,0,0,0,0,0,0,0,0,11.7k,36.1k,0,1,0,0,231,1,101,0,0
Slovenia,0,0,0,0,0,0,0,0,0,0,0,0,0,0,0,0,0,0,0,0,0,0,0,0,0,0,0,0,0,0,0,0,0,0,0,0,0,0,0
Sweden,0,0,0,0,0,0,0,0,0,0,0,0,0,0,0,11,0,0,0,0,0,0,0,0,0,0,0,0,0,0,0,0,0,0,0,0,0,0,0
Eswatini,0,0,0,0,0,0,0,0,0,0,0,0,0,0,0,0,0,0,0,0,0,0,0,0,0,0,0,0,0,0,272k,0,0,0,0,0,0,0,2500
Seychelles,0,0,0,0,0,0,0,0,0,0,0,0,0,0,0,0,0,0,0,0,0,0,0,0,0,0,0,1240,0,0,0,0,0,0,0,0,0,0,0
Syria,0,0,0,0,205k,0,0,0,0,0,0,0,0,0,0,0,0,0,0,0,0,0,0,0,0,0,0,0,0,0,0,0,0,0,0,0,6,0,0
Chad,0,0,0,0,0,0,0,0,0,0,0,0,0,0,0,500,0,0,47.5k,0,0,53,0,0,0,80.7k,0,0,1000,174k,0,176k,0,0,0,0,52,173k,14.4k
Togo,0,0,0,0,0,0,0,0,0,0,0,0,0,0,0,0,0,0,0,0,0,0,0,0,11.5k,185k,0,0,30.4k,65k,0,0,0,0,0,0,2000,141k,44.8k
Thailand,0,0,0,0,0,3M,0,0,2.03M,0,630k,0,0,1M,786k,7660,27.8k,24,1.11M,0,0,16.6k,0,889k,171k,4.28M,5M,14,0,284k,3.31M,471k,3.29M,108k,507k,819k,2.56M,183k,1.54M
Tajikistan,0,0,0,0,0,0,0,0,0,0,0,0,0,0,0,0,0,0,0,0,280,0,64.8k,0,6050,0,180k,0,41.9k,9420,0,2190,4280,1760,400k,5120,0,17.3k,0
Turkmenistan,0,0,0,0,0,0,0,0,0,0,0,0,0,0,0,0,0,0,0,0,0,0,0,420,0,0,0,0,0,0,0,0,0,0,0,0,0,0,0
Timor-Leste,0,0,0,0,0,0,0,0,0,0,0,0,0,0,0,0,0,0,0,0,0,0,0,0,0,0,0,0,0,0,0,2510,0,1050,0,0,0,948,0
Trinidad and Tobago,0,0,0,0,0,0,0,0,0,0,0,0,0,0,0,0,0,0,0,0,0,0,0,15,0,0,200,0,0,0,0,0,0,0,0,0,0,0,0
Tunisia,0,0,0,44.4k,0,0,0,0,0,750,0,0,30.1k,0,0,0,2520,0,0,0,152k,0,0,0,0,0,0,0,0,0,0,0,0,27k,0,0,0,6520,0
Turkey,0,0,0,0,33,0,0,0,0,0,60.1k,10,0,0,200,0,0,0,1510,0,4570,542,0,0,0,307k,0,0,1.24M,0,1000,2530,3030,8,50.1k,3010,63.1k,3200,0
Taiwan,0,0,0,0,0,0,0,26k,0,0,0,0,0,0,46,0,0,0,0,0,0,0,0,0,0,0,0,10,303,0,0,0,0,0,0,2720,303,0,0
Tanzania,0,0,0,0,68k,0,0,0,9000,90k,0,0,40k,0,0,0,6000,0,6500,141k,163k,0,0,202k,7030,21.9k,0,10.2k,4660,0,1850,205,1210,2000,0,10.6k,21.5k,0,9530
Uganda,0,0,0,0,0,0,0,0,0,0,0,0,0,0,0,0,0,0,0,0,0,0,0,0,0,0,0,154k,15.2k,0,0,801,877,2230,30k,0,5680,721k,30.1k
Ukraine,0,0,0,0,0,0,0,0,0,0,0,0,0,0,0,0,0,0,0,0,0,0,0,325k,0,1.7M,10k,0,24.6k,0,0,300k,0,600,0,8340,5000,0,225k
Uruguay,0,0,0,0,0,0,0,0,0,0,0,0,0,0,0,0,18.5k,0,0,0,0,1500,4700,0,0,0,0,0,9300,0,5000,5000,2500,200,0,0,0,120k,0
United States,0,0,3240,56,0,0,139,2840,27,0,117k,30,11,10,5530,5560,2010,0,0,0,3390,15,0,44k,14.1k,115k,243k,191k,37k,100,3650,23.8k,146k,3220,5340,18.3k,74.1k,8890,11M
USSR,0,0,0,0,0,0,0,0,0,0,0,2000,586,1000,0,10k,0,36.1k,0,17,23.2k,42k,0,0,0,0,0,0,0,0,0,0,0,0,0,0,0,0,0
Uzbekistan,0,0,0,0,0,0,0,0,0,0,0,0,0,0,0,0,0,0,0,0,0,0,0,0,0,0,0,0,0,0,0,0,0,0,0,1500,0,0,0
St. Vincent and the Grenadines,0,0,0,0,0,0,0,0,0,0,0,0,0,0,0,0,152,1000,0,0,0,0,203,0,0,0,0,0,0,0,0,0,0,0,0,0,0,0,0
Venezuela,0,0,0,0,0,0,0,0,0,0,0,0,0,0,0,15k,0,69,5550,0,0,0,0,0,26,0,51.5k,18k,0,574k,27k,0,55.4k,651,4040,45.9k,135,0,1510
Vietnam,204k,0,0,0,0,0,0,0,4.08M,0,628k,0,0,0,38k,2.8M,165,0,0,0,10.3k,296k,110k,15.1k,382k,400k,375k,0,32.5k,5.78M,5.03M,1.61M,1.43M,417k,35.1k,92.6k,52.3k,962k,633k
Vanuatu,0,0,0,0,0,0,0,0,0,0,0,0,0,0,0,0,0,0,0,0,0,0,0,0,0,0,0,0,0,0,0,0,3000,0,0,0,0,0,0
Samoa,0,0,0,0,0,0,0,0,0,0,0,0,0,0,0,0,0,0,0,0,0,0,0,0,0,0,0,0,0,0,0,0,0,0,0,0,0,0,0
Yemen,0,0,0,0,0,0,0,0,0,0,0,0,0,0,0,0,0,0,0,0,0,30k,0,21.5k,0,0,244k,0,3310,19.8k,0,33,753,15,0,743,2350,2710,25.2k
North Yemen (former),0,0,0,2920,0,50k,0,0,0,0,0,0,0,0,0,0,0,0,0,150k,0,0,0,0,0,0,0,0,0,0,0,0,0,0,0,0,0,0,0
South Yemen (former),0,0,0,0,0,0,0,0,0,0,0,15k,351k,0,0,0,0,0,0,340k,0,0,0,0,0,0,0,0,0,0,0,0,0,0,0,0,0,0,0
Yugoslavia,0,0,0,0,0,0,0,0,0,12k,0,70,0,0,0,0,1000,0,0,0,0,0,0,0,0,0,0,0,0,0,0,0,0,0,0,0,0,0,0
South Africa,0,0,0,0,26,0,0,1000,26,0,0,289,0,0,0,0,0,65.5k,25,0,0,0,0,15k,11k,4710,7560,307,0,2330,3290,42.7k,2520,501,15k,0,7170,38k,4010
Zambia,0,0,0,0,0,0,0,0,30.9k,0,0,0,0,0,0,0,0,0,0,800k,0,0,0,0,0,0,0,0,1.3M,0,12k,618k,0,11k,196k,4000,0,1.55M,15k
Zimbabwe,0,0,0,0,0,0,0,0,0,0,0,0,0,0,0,0,0,0,0,0,0,0,0,0,0,0,0,0,36,0,266k,30k,0,18k,0,0,0,17k,0
